{
  "cover": {
    "report_title": "威胁分析和风险评估报告",
    "report_title_en": "Threat Analysis And Risk Assessment Report",
    "project_name": "——DiLink150中控主机平台",
    "data_level": "秘密",
    "document_number": "IPC0011_JF_A30-44003",
    "version": "V1.0",
    "author_date": "2025.11",
    "review_date": "2025.12",
    "sign_date": "",
    "approve_date": ""
  },
  "definitions": {
    "title": "MY25 EV平台中控主机 TARA分析报告 - 相关定义",
    "functional_description": "车载信息娱乐系统(In-Vehicle Infotainment, IVI)是一种集成多媒体娱乐、导航、蓝牙通信、车辆控制和远程服务等功能的智能车载终端系统。\n\n本项目的IVI系统基于高性能SOC芯片平台，运行Android Automotive操作系统，通过CAN总线、以太网、蓝牙、WiFi等多种通信接口与车辆其他ECU及外部设备进行数据交互。\n\n主要功能包括：\n• 多媒体娱乐：音频/视频播放、FM/AM收音机\n• 导航服务：GPS定位、地图显示、路径规划\n• 蓝牙功能：免提通话、音频流传输、设备配对\n• 车辆控制：空调控制、座椅调节、车窗控制\n• 远程服务：OTA升级、远程诊断、车辆状态监控",
    "item_boundary_image": "",
    "system_architecture_image": "",
    "software_architecture_image": "",
    "assumptions": [
      {"id": "ASM-01", "description": "IVI系统运行在独立的电子控制单元上，与车辆安全关键系统(如制动、转向)物理隔离"},
      {"id": "ASM-02", "description": "IVI系统与车身域控制器通过CAN网关进行通信，网关具备消息过滤和访问控制功能"},
      {"id": "ASM-03", "description": "TBox与IVI之间的通信链路为车内以太网(100BASE-T1)或CAN总线"},
      {"id": "ASM-04", "description": "普通用户不具备拆解IVI硬件的专业工具和能力，物理攻击需要专业设备"},
      {"id": "ASM-05", "description": "IVI系统具备安全启动(Secure Boot)功能，启动链完整性受硬件信任根保护"},
      {"id": "ASM-06", "description": "系统固件和应用软件由OEM统一管理和分发，具备代码签名机制"},
      {"id": "ASM-07", "description": "车辆使用期间，云服务器(TSP)持续在线提供OTA、远程诊断等服务"},
      {"id": "ASM-08", "description": "用户移动设备的安全性不在本分析范围内，假设手机可能被恶意软件感染"},
      {"id": "ASM-09", "description": "车辆网络(CAN/Ethernet)与外部网络之间存在网关隔离"},
      {"id": "ASM-10", "description": "诊断接口(OBD)在车辆正常使用时可被物理访问"}
    ],
    "terminology": [
      {"abbreviation": "IVI", "english": "In-Vehicle Infotainment", "chinese": "车载信息娱乐系统"},
      {"abbreviation": "TARA", "english": "Threat Analysis and Risk Assessment", "chinese": "威胁分析与风险评估"},
      {"abbreviation": "SOC", "english": "System on Chip", "chinese": "片上系统"},
      {"abbreviation": "MCU", "english": "Microcontroller Unit", "chinese": "微控制器单元"},
      {"abbreviation": "DDR RAM", "english": "Double Data Rate Random Access Memory", "chinese": "双倍数据率随机存取存储器"},
      {"abbreviation": "UFS ROM", "english": "Universal Flash Storage", "chinese": "通用闪存存储"},
      {"abbreviation": "BT", "english": "Bluetooth", "chinese": "蓝牙"},
      {"abbreviation": "WIFI", "english": "Wireless Fidelity", "chinese": "无线保真/无线网络"},
      {"abbreviation": "TBox", "english": "Telematics Box", "chinese": "车载终端/远程信息处理器"},
      {"abbreviation": "OBD", "english": "On-Board Diagnostics", "chinese": "车载诊断系统"},
      {"abbreviation": "CAN", "english": "Controller Area Network", "chinese": "控制器局域网"},
      {"abbreviation": "OTA", "english": "Over-The-Air", "chinese": "空中下载/远程升级"},
      {"abbreviation": "TEE", "english": "Trusted Execution Environment", "chinese": "可信执行环境"},
      {"abbreviation": "HSM", "english": "Hardware Security Module", "chinese": "硬件安全模块"},
      {"abbreviation": "PKI", "english": "Public Key Infrastructure", "chinese": "公钥基础设施"},
      {"abbreviation": "STRIDE", "english": "Spoofing, Tampering, Repudiation, Information Disclosure, Denial of Service, Elevation of Privilege", "chinese": "欺骗、篡改、抵赖、信息泄露、拒绝服务、权限提升"},
      {"abbreviation": "WP29", "english": "World Forum for Harmonization of Vehicle Regulations", "chinese": "世界车辆法规协调论坛"},
      {"abbreviation": "SecOC", "english": "Secure Onboard Communication", "chinese": "安全车载通信"},
      {"abbreviation": "UDS", "english": "Unified Diagnostic Services", "chinese": "统一诊断服务"},
      {"abbreviation": "DoIP", "english": "Diagnostics over IP", "chinese": "基于IP的诊断"}
    ]
  },
  "assets": {
    "title": "MY25 EV平台中控主机- 资产列表 Asset List",
    "dataflow_image": "",
    "assets": [
      {"id": "P001", "name": "SOC", "category": "内部实体", "remarks": "主处理器芯片，运行Android Automotive OS", "authenticity": true, "integrity": false, "non_repudiation": false, "confidentiality": false, "availability": true, "authorization": false},
      {"id": "P011", "name": "媒体源", "category": "固件及应用", "remarks": "对媒体源的分析包括其本身的代码和相关的应用服务，负责接收视频及人脸信息", "authenticity": true, "integrity": true, "non_repudiation": false, "confidentiality": false, "availability": true, "authorization": false},
      {"id": "E014", "name": "TBox", "category": "外部实体", "remarks": "与DiLink主机连接的外部设备", "authenticity": true, "integrity": false, "non_repudiation": false, "confidentiality": false, "availability": false, "authorization": false},
      {"id": "E009", "name": "外置功放", "category": "外部实体", "remarks": "与DiLink主机连接的外部设备", "authenticity": true, "integrity": false, "non_repudiation": false, "confidentiality": false, "availability": false, "authorization": false},
      {"id": "E004", "name": "以太网接口", "category": "外部实体", "remarks": "用于以太网通讯、调试、数据传输的接口", "authenticity": false, "integrity": false, "non_repudiation": false, "confidentiality": false, "availability": false, "authorization": true},
      {"id": "E005", "name": "UART接口", "category": "外部实体", "remarks": "用于调试、通讯的接口", "authenticity": false, "integrity": false, "non_repudiation": false, "confidentiality": false, "availability": false, "authorization": true},
      {"id": "S005", "name": "OTA升级包", "category": "数据存储", "remarks": "存储在DDR中", "authenticity": true, "integrity": true, "non_repudiation": false, "confidentiality": true, "availability": false, "authorization": true},
      {"id": "D006", "name": "音频信息", "category": "数据流", "remarks": "MCU<--->音频输入输出模块", "authenticity": true, "integrity": true, "non_repudiation": false, "confidentiality": true, "availability": false, "authorization": false},
      {"id": "A-009", "name": "系统固件", "category": "固件及应用", "remarks": "Bootloader、TF-A、TEE OS等", "authenticity": false, "integrity": true, "non_repudiation": true, "confidentiality": false, "availability": true, "authorization": false}
    ]
  },
  "attack_trees": {
    "title": "MY25 EV平台中控主机 - 攻击树分析 Attack Tree Analysis",
    "attack_trees": [
      {"title": "攻击树1 Attack Tree 1: 远程入侵IVI系统 Remote Compromise of IVI System", "image": ""},
      {"title": "攻击树2 Attack Tree 2: 物理接口攻击 Physical Interface Attack on IVI", "image": ""},
      {"title": "攻击树3 Attack Tree 3: 窃取敏感数据 Steal Sensitive Data from IVI", "image": ""},
      {"title": "攻击树4 Attack Tree 4: 恶意控制车辆功能 Malicious Vehicle Control", "image": ""}
    ]
  },
  "tara_results": {
    "title": "MY25 EV平台中控主机_TARA分析结果 TARA Analysis Results",
    "results": [
      {
        "asset_id": "P001",
        "asset_name": "车载多媒体",
        "subdomain1": "系统实体",
        "subdomain2": "N/A",
        "subdomain3": "SOC",
        "category": "内部实体",
        "security_attribute": "Authenticity\n真实性",
        "stride_model": "S欺骗",
        "threat_scenario": "黑客仿冒、篡改SOC模块，导致零部件内部所有与SOC关联的模块功能异常，影响系统正常运行",
        "attack_path": "1.攻击者锁定待攻击车辆，通过物理拆解取得芯片，并进行调查，获取芯片的详细信息。\n2.攻击者使用恶意或仿冒芯片替换原有芯片，导致系统异常。",
        "wp29_mapping": "4.1\n5.1\n6.1\n6.2\n6.3",
        "attack_vector": "本地",
        "attack_complexity": "低",
        "privileges_required": "低",
        "user_interaction": "不需要",
        "safety_impact": "中等的",
        "financial_impact": "中等的",
        "operational_impact": "重大的",
        "privacy_impact": "可忽略不计的",
        "security_requirement": "1.应确保操作系统启动时应使用可信机制，在验证操作系统签名并校验成功后再正常加载启动。\n2.应确保芯片具备防拆解保护机制。"
      },
      {
        "asset_id": "P001",
        "asset_name": "车载多媒体",
        "subdomain1": "系统实体",
        "subdomain2": "N/A",
        "subdomain3": "SOC",
        "category": "内部实体",
        "security_attribute": "Availability\n可用性",
        "stride_model": "D拒绝服务",
        "threat_scenario": "黑客通过超载SOC模块的处理能力或发送大量无效请求，造成SOC模块无法正常处理请求，影响系统可用性",
        "attack_path": "1.攻击者通过物理手段（如高温、高压、电磁辐射等）对MCU进行干扰或破坏。\n2.导致MCU无法正常工作，影响系统功能。",
        "wp29_mapping": "24.1\n8.1",
        "attack_vector": "本地",
        "attack_complexity": "低",
        "privileges_required": "低",
        "user_interaction": "不需要",
        "safety_impact": "可忽略不计的",
        "financial_impact": "中等的",
        "operational_impact": "重大的",
        "privacy_impact": "可忽略不计的",
        "security_requirement": "1、操作系统应裁剪掉不需要的组件与原生apk应用，如不对量产车提供ADB连接功能，不对量产车提供工程刷机功能等。"
      },
      {
        "asset_id": "P011",
        "asset_name": "车载多媒体",
        "subdomain1": "SoC",
        "subdomain2": "Flash",
        "subdomain3": "媒体源",
        "category": "固件及应用",
        "security_attribute": "Authenticity\n真实性",
        "stride_model": "S欺骗",
        "threat_scenario": "多媒体源数据被仿冒，导致多媒体真实性被破坏，导致多媒体模块传输恶意内容",
        "attack_path": "1.攻击者通过USB接口攻击多媒体主机，获得多媒体主机权限。\n2.篡改多媒体源数据，导致系统播放恶意内容。",
        "wp29_mapping": "4.1\n4.2",
        "attack_vector": "本地",
        "attack_complexity": "高",
        "privileges_required": "低",
        "user_interaction": "不需要",
        "safety_impact": "中等的",
        "financial_impact": "中等的",
        "operational_impact": "重大的",
        "privacy_impact": "可忽略不计的",
        "security_requirement": "应确保多媒体源数据的完整性校验机制。"
      }
    ]
  }
}
